label,size,scenario,samples,p50_ms,p95_ms,sequential_rps,round_median_min,round_median_max,sql_min,sql_max,entities_min,entities_max,rows_min,rows_max,bytes_min,bytes_max
baseline,1000,announcement_deep,45,19.446166,36.915,45.83379305476541,17.200375,24.184292,3,3,1001,1001,20,20,3549,3549
baseline,1000,announcement_filtered,45,12.37425,19.755666,72.4222364706982,11.090666,14.462958,3,3,501,501,20,20,3496,3496
baseline,1000,announcement_first,45,23.512625,46.41675,38.997130957677165,17.930625,29.403,3,3,1001,1001,20,20,3486,3486
baseline,1000,answer_list,45,3.787334,9.480959,199.27338723397997,2.670167,4.626333,52,52,101,101,50,50,4734,4734
baseline,1000,question_detail,45,2.087792,2.966541,534.71992309159,0.856208,2.369334,6,6,7,7,1,1,419,419
baseline,1000,question_list,45,2.156292,5.394042,327.32766356721555,1.734708,5.1225,2,2,1,1,1000,1000,62687,62687
baseline,10000,announcement_deep,45,192.591958,220.931458,5.0458870150666515,181.815833,209.997125,3,3,10001,10001,20,20,3592,3592
baseline,10000,announcement_filtered,45,118.317375,196.842417,7.771903000521458,110.60125,154.982792,3,3,5001,5001,20,20,3496,3496
baseline,10000,announcement_first,45,189.147292,597.310417,3.48409108308589,177.61625,497.22575,3,3,10001,10001,20,20,3486,3486
baseline,10000,answer_list,45,1.626833,4.12875,392.97605429231413,1.425791,2.315459,52,52,101,101,50,50,4734,4734
baseline,10000,question_detail,45,0.797667,1.650667,1113.6040168142329,0.622917,1.017084,6,6,7,7,1,1,419,419
baseline,10000,question_list,45,9.810833,25.252667,73.55702052698398,6.972416,21.167667,2,2,1,1,10000,10000,646789,646789
current,1000,announcement_deep,45,3.809208,5.642166,240.99800680724042,3.446958,4.922792,3,3,21,21,20,20,8929,8929
current,1000,announcement_filtered,45,4.139,5.120292,243.18360147910104,3.334916,4.632833,3,3,21,21,20,20,8926,8926
current,1000,announcement_first,45,5.298042,8.652959,186.27189619413278,3.239042,6.999167,3,3,21,21,20,20,8926,8926
current,1000,answer_list,45,4.926875,8.16425,189.18602029494292,4.12175,5.8835,53,53,101,101,50,50,5734,5734
current,1000,question_detail,45,2.759167,3.558625,384.57416944008025,1.496083,3.290125,7,7,7,7,1,1,439,439
current,1000,question_list,45,1.772,2.698542,519.899139566924,1.507125,2.288666,2,2,1,1,20,20,1298,1298
current,10000,announcement_deep,45,2.781833,3.370958,354.25110815847626,2.517375,3.023792,3,3,21,21,20,20,8972,8972
current,10000,announcement_filtered,45,2.814875,3.710916,347.92122710858087,2.525583,2.978083,3,3,21,21,20,20,8966,8966
current,10000,announcement_first,45,2.832584,3.406375,345.80461275535356,2.760208,2.899417,3,3,21,21,20,20,8966,8966
current,10000,answer_list,45,3.139667,3.840959,313.9527487578267,2.80725,3.431375,53,53,101,101,50,50,5734,5734
current,10000,question_detail,45,1.31275,1.743334,744.9014845439646,1.131125,1.390375,7,7,7,7,1,1,439,439
current,10000,question_list,45,1.197584,1.55475,812.8062281331418,1.131166,1.277333,2,2,1,1,20,20,1338,1338
current,100000,announcement_deep,45,1.873959,2.773375,505.55929288702447,1.778291,2.008291,3,3,21,21,20,20,9012,9012
current,100000,announcement_filtered,45,1.927417,2.507333,504.08002935851704,1.824292,2.078833,3,3,21,21,20,20,9006,9006
current,100000,announcement_first,45,1.909125,2.597792,506.24036877698404,1.755667,1.950583,3,3,21,21,20,20,9006,9006
current,100000,answer_list,45,1.976,2.740875,493.53424622618763,1.783042,2.048292,53,53,101,101,50,50,5734,5734
current,100000,question_detail,45,0.805417,1.230834,1166.9922013023167,0.705167,0.914416,7,7,7,7,1,1,439,439
current,100000,question_list,45,0.76825,1.148833,1164.7231449202116,0.754625,0.778834,2,2,1,1,20,20,1378,1378
current-control,1000,announcement_deep,45,12.850542,29.899792,62.664578070205046,11.839792,22.316291,3,3,1001,1001,20,20,8149,8149
current-control,1000,announcement_filtered,45,5.746958,6.621709,172.33744695415083,5.443667,6.139958,3,3,501,501,20,20,8096,8096
current-control,1000,announcement_first,45,20.363917,30.442375,50.5111636030357,12.113833,26.950459,3,3,1001,1001,20,20,8086,8086
current-control,1000,question_list,45,5.567666,7.08525,183.6104557781929,3.977167,6.743375,2,2,1,1,1000,1000,62687,62687
current-control,10000,announcement_deep,45,56.80175,76.869583,16.23081665172198,55.321959,59.055542,3,3,10001,10001,20,20,8192,8192
current-control,10000,announcement_filtered,45,28.356333,46.533709,32.65566777767707,28.202666,28.488583,3,3,5001,5001,20,20,8096,8096
current-control,10000,announcement_first,45,58.024,79.850708,15.88406679647825,56.734333,61.3105,3,3,10001,10001,20,20,8086,8086
current-control,10000,question_list,45,15.578125,21.233542,61.52934602369623,12.734458,19.229416,2,2,1,1,10000,10000,646789,646789
current-optimized,1000,announcement_deep,45,7.048417,9.331542,149.8981517008269,4.183167,7.862709,3,3,21,21,20,20,8929,8929
current-optimized,1000,announcement_filtered,45,6.132958,8.555917,160.70706537541992,4.99325,6.604791,3,3,21,21,20,20,8926,8926
current-optimized,1000,announcement_first,45,9.472292,15.776125,102.99230784325744,5.084167,13.89075,3,3,21,21,20,20,8926,8926
current-optimized,1000,answer_list,45,5.092041,8.547458,185.93568742402823,3.64425,6.17825,3,3,101,101,50,50,5734,5734
current-optimized,1000,question_detail,45,4.718958,6.001584,230.0476785571802,2.29825,5.542041,3,3,7,7,1,1,439,439
current-optimized,1000,question_list,45,2.480625,4.636833,345.1457365217119,1.780875,4.073333,2,2,1,1,20,20,1298,1298
current-optimized,10000,announcement_deep,45,4.277208,5.627125,238.35361593717448,3.209333,4.832417,3,3,21,21,20,20,8972,8972
current-optimized,10000,announcement_filtered,45,4.094791,6.467208,233.1248920502236,3.089584,4.832625,3,3,21,21,20,20,8966,8966
current-optimized,10000,announcement_first,45,3.808958,5.337042,241.45441839586485,3.459291,5.078542,3,3,21,21,20,20,8966,8966
current-optimized,10000,answer_list,45,3.666,5.486084,269.3033096449155,2.869291,4.035875,3,3,101,101,50,50,5734,5734
current-optimized,10000,question_detail,45,2.908292,4.348875,340.2398905957876,1.791958,3.814541,3,3,7,7,1,1,439,439
current-optimized,10000,question_list,45,1.494292,2.932875,543.91483134996,1.306708,2.576708,2,2,1,1,20,20,1338,1338
current-optimized,100000,announcement_deep,45,2.521917,3.077917,390.9604080563248,2.154917,2.690625,3,3,21,21,20,20,9012,9012
current-optimized,100000,announcement_filtered,45,2.782958,5.163625,325.27073439742065,2.286125,3.406083,3,3,21,21,20,20,9006,9006
current-optimized,100000,announcement_first,45,2.6245,3.413833,368.6693844482129,2.296208,2.890083,3,3,21,21,20,20,9006,9006
current-optimized,100000,answer_list,45,2.415709,3.685958,387.4830139286452,2.177791,2.51775,3,3,101,101,50,50,5734,5734
current-optimized,100000,question_detail,45,1.863917,2.525,530.1165015830869,1.598416,1.967416,3,3,7,7,1,1,439,439
current-optimized,100000,question_list,45,1.098708,1.966959,832.466812461821,1.003709,1.414541,2,2,1,1,20,20,1378,1378
